AMAZONAS|AHORA NACIÓN - AN	9775
AMAZONAS|ALIANZA ELECTORAL VENCEREMOS	1929
AMAZONAS|ALIANZA PARA EL PROGRESO	3352
AMAZONAS|AVANZA PAÍS - PARTIDO DE INTEGRACIÓN SOCIAL	321
AMAZONAS|FE EN EL PERÚ	231
AMAZONAS|FUERZA POPULAR	28403
AMAZONAS|FUERZA Y LIBERTAD	200
AMAZONAS|JUNTOS POR EL PERÚ	59302
AMAZONAS|LIBERTAD POPULAR	235
AMAZONAS|PARTIDO APRISTA PERUANO	1252
AMAZONAS|PARTIDO CÍVICO OBRAS	17400
AMAZONAS|PARTIDO DE LOS TRABAJADORES Y EMPRENDEDORES PTE - PERÚ	97
AMAZONAS|PARTIDO DEL BUEN GOBIERNO	5971
AMAZONAS|PARTIDO DEMOCRATICO FEDERAL	281
AMAZONAS|PARTIDO DEMOCRÁTICO SOMOS PERÚ	3520
AMAZONAS|PARTIDO DEMÓCRATA UNIDO PERÚ	886
AMAZONAS|PARTIDO DEMÓCRATA VERDE	664
AMAZONAS|PARTIDO FRENTE DE LA ESPERANZA 2021	1361
AMAZONAS|PARTIDO MORADO	529
AMAZONAS|PARTIDO PATRIÓTICO DEL PERÚ	1793
AMAZONAS|PARTIDO PAÍS PARA TODOS	4068
AMAZONAS|PARTIDO POLÍTICO COOPERACIÓN POPULAR	1359
AMAZONAS|PARTIDO POLÍTICO INTEGRIDAD DEMOCRÁTICA	377
AMAZONAS|PARTIDO POLÍTICO NACIONAL PERÚ LIBRE	1457
AMAZONAS|PARTIDO POLÍTICO PERÚ ACCIÓN	326
AMAZONAS|PARTIDO POLÍTICO PERÚ PRIMERO	1173
AMAZONAS|PARTIDO POLÍTICO PRIN	159
AMAZONAS|PARTIDO SICREO	2281
AMAZONAS|PERÚ MODERNO	63
AMAZONAS|PODEMOS PERÚ	4380
AMAZONAS|PRIMERO LA GENTE – COMUNIDAD, ECOLOGÍA, LIBERTAD Y PROGRESO	2657
AMAZONAS|PROGRESEMOS	348
AMAZONAS|RENOVACIÓN POPULAR	6034
AMAZONAS|SALVEMOS AL PERÚ	256
AMAZONAS|UN CAMINO DIFERENTE	625
AMAZONAS|UNIDAD NACIONAL	514
AMAZONAS|VOTOS EN BLANCO	36318
AMAZONAS|VOTOS NULOS	15232
AMÉRICA|AHORA NACIÓN - AN	9096
AMÉRICA|ALIANZA ELECTORAL VENCEREMOS	1016
AMÉRICA|ALIANZA PARA EL PROGRESO	688
AMÉRICA|AVANZA PAÍS - PARTIDO DE INTEGRACIÓN SOCIAL	237
AMÉRICA|FE EN EL PERÚ	192
AMÉRICA|FUERZA POPULAR	30571
AMÉRICA|FUERZA Y LIBERTAD	276
AMÉRICA|JUNTOS POR EL PERÚ	4838
AMÉRICA|LIBERTAD POPULAR	496
AMÉRICA|PARTIDO APRISTA PERUANO	1918
AMÉRICA|PARTIDO CÍVICO OBRAS	15298
AMÉRICA|PARTIDO DE LOS TRABAJADORES Y EMPRENDEDORES PTE - PERÚ	158
AMÉRICA|PARTIDO DEL BUEN GOBIERNO	13619
AMÉRICA|PARTIDO DEMOCRATICO FEDERAL	117
AMÉRICA|PARTIDO DEMOCRÁTICO SOMOS PERÚ	948
AMÉRICA|PARTIDO DEMÓCRATA UNIDO PERÚ	867
AMÉRICA|PARTIDO DEMÓCRATA VERDE	656
AMÉRICA|PARTIDO FRENTE DE LA ESPERANZA 2021	2000
AMÉRICA|PARTIDO MORADO	757
AMÉRICA|PARTIDO PATRIÓTICO DEL PERÚ	961
AMÉRICA|PARTIDO PAÍS PARA TODOS	17479
AMÉRICA|PARTIDO POLÍTICO COOPERACIÓN POPULAR	978
AMÉRICA|PARTIDO POLÍTICO INTEGRIDAD DEMOCRÁTICA	497
AMÉRICA|PARTIDO POLÍTICO NACIONAL PERÚ LIBRE	785
AMÉRICA|PARTIDO POLÍTICO PERÚ ACCIÓN	428
AMÉRICA|PARTIDO POLÍTICO PERÚ PRIMERO	370
AMÉRICA|PARTIDO POLÍTICO PRIN	179
AMÉRICA|PARTIDO SICREO	1868
AMÉRICA|PERÚ MODERNO	146
AMÉRICA|PODEMOS PERÚ	764
AMÉRICA|PRIMERO LA GENTE – COMUNIDAD, ECOLOGÍA, LIBERTAD Y PROGRESO	4783
AMÉRICA|PROGRESEMOS	380
AMÉRICA|RENOVACIÓN POPULAR	45808
AMÉRICA|SALVEMOS AL PERÚ	143
AMÉRICA|UN CAMINO DIFERENTE	2138
AMÉRICA|UNIDAD NACIONAL	908
AMÉRICA|VOTOS EN BLANCO	48236
AMÉRICA|VOTOS NULOS	19326
APURÍMAC|AHORA NACIÓN - AN	21564
APURÍMAC|ALIANZA ELECTORAL VENCEREMOS	2014
APURÍMAC|ALIANZA PARA EL PROGRESO	914
APURÍMAC|AVANZA PAÍS - PARTIDO DE INTEGRACIÓN SOCIAL	151
APURÍMAC|FE EN EL PERÚ	367
APURÍMAC|FUERZA POPULAR	13805
APURÍMAC|FUERZA Y LIBERTAD	241
APURÍMAC|JUNTOS POR EL PERÚ	82005
APURÍMAC|LIBERTAD POPULAR	964
APURÍMAC|PARTIDO APRISTA PERUANO	665
APURÍMAC|PARTIDO CÍVICO OBRAS	28316
APURÍMAC|PARTIDO DE LOS TRABAJADORES Y EMPRENDEDORES PTE - PERÚ	111
APURÍMAC|PARTIDO DEL BUEN GOBIERNO	7279
APURÍMAC|PARTIDO DEMOCRATICO FEDERAL	318
APURÍMAC|PARTIDO DEMOCRÁTICO SOMOS PERÚ	449
APURÍMAC|PARTIDO DEMÓCRATA UNIDO PERÚ	8733
APURÍMAC|PARTIDO DEMÓCRATA VERDE	949
APURÍMAC|PARTIDO FRENTE DE LA ESPERANZA 2021	2558
APURÍMAC|PARTIDO MORADO	647
APURÍMAC|PARTIDO PATRIÓTICO DEL PERÚ	2057
APURÍMAC|PARTIDO PAÍS PARA TODOS	2915
APURÍMAC|PARTIDO POLÍTICO COOPERACIÓN POPULAR	1398
APURÍMAC|PARTIDO POLÍTICO INTEGRIDAD DEMOCRÁTICA	318
APURÍMAC|PARTIDO POLÍTICO NACIONAL PERÚ LIBRE	1885
APURÍMAC|PARTIDO POLÍTICO PERÚ ACCIÓN	424
APURÍMAC|PARTIDO POLÍTICO PERÚ PRIMERO	974
APURÍMAC|PARTIDO POLÍTICO PRIN	176
APURÍMAC|PARTIDO SICREO	3391
APURÍMAC|PERÚ MODERNO	50
APURÍMAC|PODEMOS PERÚ	3105
APURÍMAC|PRIMERO LA GENTE – COMUNIDAD, ECOLOGÍA, LIBERTAD Y PROGRESO	2227
APURÍMAC|PROGRESEMOS	1891
APURÍMAC|RENOVACIÓN POPULAR	6329
APURÍMAC|SALVEMOS AL PERÚ	585
APURÍMAC|UN CAMINO DIFERENTE	227
APURÍMAC|UNIDAD NACIONAL	184
APURÍMAC|VOTOS EN BLANCO	39618
APURÍMAC|VOTOS NULOS	14476
AREQUIPA|AHORA NACIÓN - AN	81964
AREQUIPA|ALIANZA ELECTORAL VENCEREMOS	8530
AREQUIPA|ALIANZA PARA EL PROGRESO	3701
AREQUIPA|AVANZA PAÍS - PARTIDO DE INTEGRACIÓN SOCIAL	965
AREQUIPA|FE EN EL PERÚ	1181
AREQUIPA|FUERZA POPULAR	64430
AREQUIPA|FUERZA Y LIBERTAD	1483
AREQUIPA|JUNTOS POR EL PERÚ	88766
AREQUIPA|LIBERTAD POPULAR	1614
AREQUIPA|PARTIDO APRISTA PERUANO	4966
AREQUIPA|PARTIDO CÍVICO OBRAS	96079
AREQUIPA|PARTIDO DE LOS TRABAJADORES Y EMPRENDEDORES PTE - PERÚ	642
AREQUIPA|PARTIDO DEL BUEN GOBIERNO	164086
AREQUIPA|PARTIDO DEMOCRATICO FEDERAL	1643
AREQUIPA|PARTIDO DEMOCRÁTICO SOMOS PERÚ	3630
AREQUIPA|PARTIDO DEMÓCRATA UNIDO PERÚ	7971
AREQUIPA|PARTIDO DEMÓCRATA VERDE	2882
AREQUIPA|PARTIDO FRENTE DE LA ESPERANZA 2021	28819
AREQUIPA|PARTIDO MORADO	5145
AREQUIPA|PARTIDO PATRIÓTICO DEL PERÚ	7793
AREQUIPA|PARTIDO PAÍS PARA TODOS	73301
AREQUIPA|PARTIDO POLÍTICO COOPERACIÓN POPULAR	20247
AREQUIPA|PARTIDO POLÍTICO INTEGRIDAD DEMOCRÁTICA	3198
AREQUIPA|PARTIDO POLÍTICO NACIONAL PERÚ LIBRE	5247
AREQUIPA|PARTIDO POLÍTICO PERÚ ACCIÓN	1719
AREQUIPA|PARTIDO POLÍTICO PERÚ PRIMERO	7153
AREQUIPA|PARTIDO POLÍTICO PRIN	582
AREQUIPA|PARTIDO SICREO	40793
AREQUIPA|PERÚ MODERNO	655
AREQUIPA|PODEMOS PERÚ	8659
AREQUIPA|PRIMERO LA GENTE – COMUNIDAD, ECOLOGÍA, LIBERTAD Y PROGRESO	40242
AREQUIPA|PROGRESEMOS	3492
AREQUIPA|RENOVACIÓN POPULAR	93233
AREQUIPA|SALVEMOS AL PERÚ	846
AREQUIPA|UN CAMINO DIFERENTE	1775
AREQUIPA|UNIDAD NACIONAL	2775
AREQUIPA|VOTOS EN BLANCO	75007
AREQUIPA|VOTOS NULOS	38934
ASIA|AHORA NACIÓN - AN	257
ASIA|ALIANZA ELECTORAL VENCEREMOS	23
ASIA|ALIANZA PARA EL PROGRESO	6
ASIA|AVANZA PAÍS - PARTIDO DE INTEGRACIÓN SOCIAL	12
ASIA|FE EN EL PERÚ	1
ASIA|FUERZA POPULAR	2930
ASIA|FUERZA Y LIBERTAD	8
ASIA|JUNTOS POR EL PERÚ	43
ASIA|LIBERTAD POPULAR	16
ASIA|PARTIDO APRISTA PERUANO	73
ASIA|PARTIDO CÍVICO OBRAS	242
ASIA|PARTIDO DE LOS TRABAJADORES Y EMPRENDEDORES PTE - PERÚ	5
ASIA|PARTIDO DEL BUEN GOBIERNO	359
ASIA|PARTIDO DEMOCRATICO FEDERAL	6
ASIA|PARTIDO DEMOCRÁTICO SOMOS PERÚ	27
ASIA|PARTIDO DEMÓCRATA UNIDO PERÚ	23
ASIA|PARTIDO DEMÓCRATA VERDE	6
ASIA|PARTIDO FRENTE DE LA ESPERANZA 2021	41
ASIA|PARTIDO MORADO	18
ASIA|PARTIDO PATRIÓTICO DEL PERÚ	12
ASIA|PARTIDO PAÍS PARA TODOS	434
ASIA|PARTIDO POLÍTICO COOPERACIÓN POPULAR	14
ASIA|PARTIDO POLÍTICO INTEGRIDAD DEMOCRÁTICA	17
ASIA|PARTIDO POLÍTICO NACIONAL PERÚ LIBRE	9
ASIA|PARTIDO POLÍTICO PERÚ ACCIÓN	3
ASIA|PARTIDO POLÍTICO PERÚ PRIMERO	3
ASIA|PARTIDO POLÍTICO PRIN	2
ASIA|PARTIDO SICREO	76
ASIA|PERÚ MODERNO	1
ASIA|PODEMOS PERÚ	8
ASIA|PRIMERO LA GENTE – COMUNIDAD, ECOLOGÍA, LIBERTAD Y PROGRESO	193
ASIA|PROGRESEMOS	8
ASIA|RENOVACIÓN POPULAR	3016
ASIA|SALVEMOS AL PERÚ	2
ASIA|UN CAMINO DIFERENTE	22
ASIA|UNIDAD NACIONAL	82
ASIA|VOTOS EN BLANCO	1433
ASIA|VOTOS NULOS	489
AYACUCHO|AHORA NACIÓN - AN	40833
AYACUCHO|ALIANZA ELECTORAL VENCEREMOS	3699
AYACUCHO|ALIANZA PARA EL PROGRESO	2035
AYACUCHO|AVANZA PAÍS - PARTIDO DE INTEGRACIÓN SOCIAL	186
AYACUCHO|FE EN EL PERÚ	543
AYACUCHO|FUERZA POPULAR	22903
AYACUCHO|FUERZA Y LIBERTAD	424
AYACUCHO|JUNTOS POR EL PERÚ	88549
AYACUCHO|LIBERTAD POPULAR	1728
AYACUCHO|PARTIDO APRISTA PERUANO	990
AYACUCHO|PARTIDO CÍVICO OBRAS	40871
AYACUCHO|PARTIDO DE LOS TRABAJADORES Y EMPRENDEDORES PTE - PERÚ	228
AYACUCHO|PARTIDO DEL BUEN GOBIERNO	15662
AYACUCHO|PARTIDO DEMOCRATICO FEDERAL	451
AYACUCHO|PARTIDO DEMOCRÁTICO SOMOS PERÚ	1560
AYACUCHO|PARTIDO DEMÓCRATA UNIDO PERÚ	4715
AYACUCHO|PARTIDO DEMÓCRATA VERDE	1633
AYACUCHO|PARTIDO FRENTE DE LA ESPERANZA 2021	6374
AYACUCHO|PARTIDO MORADO	897
AYACUCHO|PARTIDO PATRIÓTICO DEL PERÚ	2884
AYACUCHO|PARTIDO PAÍS PARA TODOS	6523
AYACUCHO|PARTIDO POLÍTICO COOPERACIÓN POPULAR	3387
AYACUCHO|PARTIDO POLÍTICO INTEGRIDAD DEMOCRÁTICA	507
AYACUCHO|PARTIDO POLÍTICO NACIONAL PERÚ LIBRE	3334
AYACUCHO|PARTIDO POLÍTICO PERÚ ACCIÓN	613
AYACUCHO|PARTIDO POLÍTICO PERÚ PRIMERO	2603
AYACUCHO|PARTIDO POLÍTICO PRIN	166
AYACUCHO|PARTIDO SICREO	5827
AYACUCHO|PERÚ MODERNO	180
AYACUCHO|PODEMOS PERÚ	6733
AYACUCHO|PRIMERO LA GENTE – COMUNIDAD, ECOLOGÍA, LIBERTAD Y PROGRESO	5186
AYACUCHO|PROGRESEMOS	1194
AYACUCHO|RENOVACIÓN POPULAR	7726
AYACUCHO|SALVEMOS AL PERÚ	588
AYACUCHO|UN CAMINO DIFERENTE	484
AYACUCHO|UNIDAD NACIONAL	384
AYACUCHO|VOTOS EN BLANCO	52594
AYACUCHO|VOTOS NULOS	18832
CAJAMARCA|AHORA NACIÓN - AN	28861
CAJAMARCA|ALIANZA ELECTORAL VENCEREMOS	4072
CAJAMARCA|ALIANZA PARA EL PROGRESO	10284
CAJAMARCA|AVANZA PAÍS - PARTIDO DE INTEGRACIÓN SOCIAL	975
CAJAMARCA|FE EN EL PERÚ	911
CAJAMARCA|FUERZA POPULAR	88714
CAJAMARCA|FUERZA Y LIBERTAD	575
CAJAMARCA|JUNTOS POR EL PERÚ	266459
CAJAMARCA|LIBERTAD POPULAR	2451
CAJAMARCA|PARTIDO APRISTA PERUANO	4005
CAJAMARCA|PARTIDO CÍVICO OBRAS	70311
CAJAMARCA|PARTIDO DE LOS TRABAJADORES Y EMPRENDEDORES PTE - PERÚ	498
CAJAMARCA|PARTIDO DEL BUEN GOBIERNO	29469
CAJAMARCA|PARTIDO DEMOCRATICO FEDERAL	1070
CAJAMARCA|PARTIDO DEMOCRÁTICO SOMOS PERÚ	7061
CAJAMARCA|PARTIDO DEMÓCRATA UNIDO PERÚ	2541
CAJAMARCA|PARTIDO DEMÓCRATA VERDE	2653
CAJAMARCA|PARTIDO FRENTE DE LA ESPERANZA 2021	6398
CAJAMARCA|PARTIDO MORADO	4510
CAJAMARCA|PARTIDO PATRIÓTICO DEL PERÚ	5286
CAJAMARCA|PARTIDO PAÍS PARA TODOS	20149
CAJAMARCA|PARTIDO POLÍTICO COOPERACIÓN POPULAR	3197
CAJAMARCA|PARTIDO POLÍTICO INTEGRIDAD DEMOCRÁTICA	1448
CAJAMARCA|PARTIDO POLÍTICO NACIONAL PERÚ LIBRE	5474
CAJAMARCA|PARTIDO POLÍTICO PERÚ ACCIÓN	1120
CAJAMARCA|PARTIDO POLÍTICO PERÚ PRIMERO	6113
CAJAMARCA|PARTIDO POLÍTICO PRIN	450
CAJAMARCA|PARTIDO SICREO	11397
CAJAMARCA|PERÚ MODERNO	399
CAJAMARCA|PODEMOS PERÚ	13958
CAJAMARCA|PRIMERO LA GENTE – COMUNIDAD, ECOLOGÍA, LIBERTAD Y PROGRESO	11167
CAJAMARCA|PROGRESEMOS	1326
CAJAMARCA|RENOVACIÓN POPULAR	20782
CAJAMARCA|SALVEMOS AL PERÚ	1264
CAJAMARCA|UN CAMINO DIFERENTE	3143
CAJAMARCA|UNIDAD NACIONAL	1603
CAJAMARCA|VOTOS EN BLANCO	123518
CAJAMARCA|VOTOS NULOS	53235
CALLAO|AHORA NACIÓN - AN	34305
CALLAO|ALIANZA ELECTORAL VENCEREMOS	2021
CALLAO|ALIANZA PARA EL PROGRESO	3483
CALLAO|AVANZA PAÍS - PARTIDO DE INTEGRACIÓN SOCIAL	1755
CALLAO|FE EN EL PERÚ	528
CALLAO|FUERZA POPULAR	119395
CALLAO|FUERZA Y LIBERTAD	783
CALLAO|JUNTOS POR EL PERÚ	17356
CALLAO|LIBERTAD POPULAR	1565
CALLAO|PARTIDO APRISTA PERUANO	5970
CALLAO|PARTIDO CÍVICO OBRAS	47051
CALLAO|PARTIDO DE LOS TRABAJADORES Y EMPRENDEDORES PTE - PERÚ	479
CALLAO|PARTIDO DEL BUEN GOBIERNO	86568
CALLAO|PARTIDO DEMOCRATICO FEDERAL	411
CALLAO|PARTIDO DEMOCRÁTICO SOMOS PERÚ	4298
CALLAO|PARTIDO DEMÓCRATA UNIDO PERÚ	2453
CALLAO|PARTIDO DEMÓCRATA VERDE	1729
CALLAO|PARTIDO FRENTE DE LA ESPERANZA 2021	7670
CALLAO|PARTIDO MORADO	3248
CALLAO|PARTIDO PATRIÓTICO DEL PERÚ	4476
CALLAO|PARTIDO PAÍS PARA TODOS	69934
CALLAO|PARTIDO POLÍTICO COOPERACIÓN POPULAR	3139
CALLAO|PARTIDO POLÍTICO INTEGRIDAD DEMOCRÁTICA	3072
CALLAO|PARTIDO POLÍTICO NACIONAL PERÚ LIBRE	1452
CALLAO|PARTIDO POLÍTICO PERÚ ACCIÓN	1025
CALLAO|PARTIDO POLÍTICO PERÚ PRIMERO	2865
CALLAO|PARTIDO POLÍTICO PRIN	424
CALLAO|PARTIDO SICREO	23320
CALLAO|PERÚ MODERNO	279
CALLAO|PODEMOS PERÚ	4998
CALLAO|PRIMERO LA GENTE – COMUNIDAD, ECOLOGÍA, LIBERTAD Y PROGRESO	26599
CALLAO|PROGRESEMOS	2024
CALLAO|RENOVACIÓN POPULAR	86742
CALLAO|SALVEMOS AL PERÚ	356
CALLAO|UN CAMINO DIFERENTE	1241
CALLAO|UNIDAD NACIONAL	4399
CALLAO|VOTOS EN BLANCO	62437
CALLAO|VOTOS NULOS	30943
CUSCO|AHORA NACIÓN - AN	102172
CUSCO|ALIANZA ELECTORAL VENCEREMOS	13309
CUSCO|ALIANZA PARA EL PROGRESO	3802
CUSCO|AVANZA PAÍS - PARTIDO DE INTEGRACIÓN SOCIAL	731
CUSCO|FE EN EL PERÚ	1245
CUSCO|FUERZA POPULAR	42518
CUSCO|FUERZA Y LIBERTAD	1052
CUSCO|JUNTOS POR EL PERÚ	157982
CUSCO|LIBERTAD POPULAR	1987
CUSCO|PARTIDO APRISTA PERUANO	5028
CUSCO|PARTIDO CÍVICO OBRAS	109194
CUSCO|PARTIDO DE LOS TRABAJADORES Y EMPRENDEDORES PTE - PERÚ	510
CUSCO|PARTIDO DEL BUEN GOBIERNO	61600
CUSCO|PARTIDO DEMOCRATICO FEDERAL	1144
CUSCO|PARTIDO DEMOCRÁTICO SOMOS PERÚ	4227
CUSCO|PARTIDO DEMÓCRATA UNIDO PERÚ	5541
CUSCO|PARTIDO DEMÓCRATA VERDE	3300
CUSCO|PARTIDO FRENTE DE LA ESPERANZA 2021	21115
CUSCO|PARTIDO MORADO	3571
CUSCO|PARTIDO PATRIÓTICO DEL PERÚ	9368
CUSCO|PARTIDO PAÍS PARA TODOS	20033
CUSCO|PARTIDO POLÍTICO COOPERACIÓN POPULAR	17059
CUSCO|PARTIDO POLÍTICO INTEGRIDAD DEMOCRÁTICA	1480
CUSCO|PARTIDO POLÍTICO NACIONAL PERÚ LIBRE	6345
CUSCO|PARTIDO POLÍTICO PERÚ ACCIÓN	1601
CUSCO|PARTIDO POLÍTICO PERÚ PRIMERO	5125
CUSCO|PARTIDO POLÍTICO PRIN	1605
CUSCO|PARTIDO SICREO	20163
CUSCO|PERÚ MODERNO	367
CUSCO|PODEMOS PERÚ	8549
CUSCO|PRIMERO LA GENTE – COMUNIDAD, ECOLOGÍA, LIBERTAD Y PROGRESO	20750
CUSCO|PROGRESEMOS	4164
CUSCO|RENOVACIÓN POPULAR	32766
CUSCO|SALVEMOS AL PERÚ	1303
CUSCO|UN CAMINO DIFERENTE	1030
CUSCO|UNIDAD NACIONAL	1254
CUSCO|VOTOS EN BLANCO	98893
CUSCO|VOTOS NULOS	48800
EUROPA|AHORA NACIÓN - AN	11570
EUROPA|ALIANZA ELECTORAL VENCEREMOS	839
EUROPA|ALIANZA PARA EL PROGRESO	428
EUROPA|AVANZA PAÍS - PARTIDO DE INTEGRACIÓN SOCIAL	208
EUROPA|FE EN EL PERÚ	140
EUROPA|FUERZA POPULAR	18787
EUROPA|FUERZA Y LIBERTAD	222
EUROPA|JUNTOS POR EL PERÚ	3090
EUROPA|LIBERTAD POPULAR	377
EUROPA|PARTIDO APRISTA PERUANO	1344
EUROPA|PARTIDO CÍVICO OBRAS	16571
EUROPA|PARTIDO DE LOS TRABAJADORES Y EMPRENDEDORES PTE - PERÚ	107
EUROPA|PARTIDO DEL BUEN GOBIERNO	16667
EUROPA|PARTIDO DEMOCRATICO FEDERAL	80
EUROPA|PARTIDO DEMOCRÁTICO SOMOS PERÚ	827
EUROPA|PARTIDO DEMÓCRATA UNIDO PERÚ	769
EUROPA|PARTIDO DEMÓCRATA VERDE	436
EUROPA|PARTIDO FRENTE DE LA ESPERANZA 2021	1891
EUROPA|PARTIDO MORADO	793
EUROPA|PARTIDO PATRIÓTICO DEL PERÚ	682
EUROPA|PARTIDO PAÍS PARA TODOS	18451
EUROPA|PARTIDO POLÍTICO COOPERACIÓN POPULAR	655
EUROPA|PARTIDO POLÍTICO INTEGRIDAD DEMOCRÁTICA	460
EUROPA|PARTIDO POLÍTICO NACIONAL PERÚ LIBRE	578
EUROPA|PARTIDO POLÍTICO PERÚ ACCIÓN	344
EUROPA|PARTIDO POLÍTICO PERÚ PRIMERO	294
EUROPA|PARTIDO POLÍTICO PRIN	126
EUROPA|PARTIDO SICREO	2043
EUROPA|PERÚ MODERNO	150
EUROPA|PODEMOS PERÚ	414
EUROPA|PRIMERO LA GENTE – COMUNIDAD, ECOLOGÍA, LIBERTAD Y PROGRESO	6179
EUROPA|PROGRESEMOS	267
EUROPA|RENOVACIÓN POPULAR	27048
EUROPA|SALVEMOS AL PERÚ	103
EUROPA|UN CAMINO DIFERENTE	1384
EUROPA|UNIDAD NACIONAL	844
EUROPA|VOTOS EN BLANCO	24908
EUROPA|VOTOS NULOS	8453
HUANCAVELICA|AHORA NACIÓN - AN	15991
HUANCAVELICA|ALIANZA ELECTORAL VENCEREMOS	1738
HUANCAVELICA|ALIANZA PARA EL PROGRESO	1395
HUANCAVELICA|AVANZA PAÍS - PARTIDO DE INTEGRACIÓN SOCIAL	106
HUANCAVELICA|FE EN EL PERÚ	337
HUANCAVELICA|FUERZA POPULAR	12222
HUANCAVELICA|FUERZA Y LIBERTAD	334
HUANCAVELICA|JUNTOS POR EL PERÚ	75062
HUANCAVELICA|LIBERTAD POPULAR	186
HUANCAVELICA|PARTIDO APRISTA PERUANO	390
HUANCAVELICA|PARTIDO CÍVICO OBRAS	23410
HUANCAVELICA|PARTIDO DE LOS TRABAJADORES Y EMPRENDEDORES PTE - PERÚ	110
HUANCAVELICA|PARTIDO DEL BUEN GOBIERNO	5601
HUANCAVELICA|PARTIDO DEMOCRATICO FEDERAL	235
HUANCAVELICA|PARTIDO DEMOCRÁTICO SOMOS PERÚ	404
HUANCAVELICA|PARTIDO DEMÓCRATA UNIDO PERÚ	3726
HUANCAVELICA|PARTIDO DEMÓCRATA VERDE	891
HUANCAVELICA|PARTIDO FRENTE DE LA ESPERANZA 2021	2429
HUANCAVELICA|PARTIDO MORADO	396
HUANCAVELICA|PARTIDO PATRIÓTICO DEL PERÚ	1580
HUANCAVELICA|PARTIDO PAÍS PARA TODOS	2953
HUANCAVELICA|PARTIDO POLÍTICO COOPERACIÓN POPULAR	2658
HUANCAVELICA|PARTIDO POLÍTICO INTEGRIDAD DEMOCRÁTICA	267
HUANCAVELICA|PARTIDO POLÍTICO NACIONAL PERÚ LIBRE	2436
HUANCAVELICA|PARTIDO POLÍTICO PERÚ ACCIÓN	408
HUANCAVELICA|PARTIDO POLÍTICO PERÚ PRIMERO	1249
HUANCAVELICA|PARTIDO POLÍTICO PRIN	140
HUANCAVELICA|PARTIDO SICREO	2663
HUANCAVELICA|PERÚ MODERNO	64
HUANCAVELICA|PODEMOS PERÚ	5831
HUANCAVELICA|PRIMERO LA GENTE – COMUNIDAD, ECOLOGÍA, LIBERTAD Y PROGRESO	1793
HUANCAVELICA|PROGRESEMOS	1199
HUANCAVELICA|RENOVACIÓN POPULAR	4074
HUANCAVELICA|SALVEMOS AL PERÚ	309
HUANCAVELICA|UN CAMINO DIFERENTE	210
HUANCAVELICA|UNIDAD NACIONAL	190
HUANCAVELICA|VOTOS EN BLANCO	32865
HUANCAVELICA|VOTOS NULOS	11976
HUÁNUCO|AHORA NACIÓN - AN	20174
HUÁNUCO|ALIANZA ELECTORAL VENCEREMOS	3110
HUÁNUCO|ALIANZA PARA EL PROGRESO	2359
HUÁNUCO|AVANZA PAÍS - PARTIDO DE INTEGRACIÓN SOCIAL	485
HUÁNUCO|FE EN EL PERÚ	1052
HUÁNUCO|FUERZA POPULAR	52987
HUÁNUCO|FUERZA Y LIBERTAD	444
HUÁNUCO|JUNTOS POR EL PERÚ	102366
HUÁNUCO|LIBERTAD POPULAR	1081
HUÁNUCO|PARTIDO APRISTA PERUANO	1712
HUÁNUCO|PARTIDO CÍVICO OBRAS	48360
HUÁNUCO|PARTIDO DE LOS TRABAJADORES Y EMPRENDEDORES PTE - PERÚ	286
HUÁNUCO|PARTIDO DEL BUEN GOBIERNO	15879
HUÁNUCO|PARTIDO DEMOCRATICO FEDERAL	582
HUÁNUCO|PARTIDO DEMOCRÁTICO SOMOS PERÚ	2908
HUÁNUCO|PARTIDO DEMÓCRATA UNIDO PERÚ	2935
HUÁNUCO|PARTIDO DEMÓCRATA VERDE	1793
HUÁNUCO|PARTIDO FRENTE DE LA ESPERANZA 2021	5280
HUÁNUCO|PARTIDO MORADO	998
HUÁNUCO|PARTIDO PATRIÓTICO DEL PERÚ	3677
HUÁNUCO|PARTIDO PAÍS PARA TODOS	19103
HUÁNUCO|PARTIDO POLÍTICO COOPERACIÓN POPULAR	1931
HUÁNUCO|PARTIDO POLÍTICO INTEGRIDAD DEMOCRÁTICA	1090
HUÁNUCO|PARTIDO POLÍTICO NACIONAL PERÚ LIBRE	2762
HUÁNUCO|PARTIDO POLÍTICO PERÚ ACCIÓN	683
HUÁNUCO|PARTIDO POLÍTICO PERÚ PRIMERO	3969
HUÁNUCO|PARTIDO POLÍTICO PRIN	232
HUÁNUCO|PARTIDO SICREO	7771
HUÁNUCO|PERÚ MODERNO	264
HUÁNUCO|PODEMOS PERÚ	7022
HUÁNUCO|PRIMERO LA GENTE – COMUNIDAD, ECOLOGÍA, LIBERTAD Y PROGRESO	6035
HUÁNUCO|PROGRESEMOS	1199
HUÁNUCO|RENOVACIÓN POPULAR	20181
HUÁNUCO|SALVEMOS AL PERÚ	548
HUÁNUCO|UN CAMINO DIFERENTE	850
HUÁNUCO|UNIDAD NACIONAL	815
HUÁNUCO|VOTOS EN BLANCO	73344
HUÁNUCO|VOTOS NULOS	24590
ICA|AHORA NACIÓN - AN	31911
ICA|ALIANZA ELECTORAL VENCEREMOS	2998
ICA|ALIANZA PARA EL PROGRESO	5199
ICA|AVANZA PAÍS - PARTIDO DE INTEGRACIÓN SOCIAL	1091
ICA|FE EN EL PERÚ	432
ICA|FUERZA POPULAR	98055
ICA|FUERZA Y LIBERTAD	881
ICA|JUNTOS POR EL PERÚ	37260
ICA|LIBERTAD POPULAR	1089
ICA|PARTIDO APRISTA PERUANO	5325
ICA|PARTIDO CÍVICO OBRAS	51521
ICA|PARTIDO DE LOS TRABAJADORES Y EMPRENDEDORES PTE - PERÚ	333
ICA|PARTIDO DEL BUEN GOBIERNO	47602
ICA|PARTIDO DEMOCRATICO FEDERAL	655
ICA|PARTIDO DEMOCRÁTICO SOMOS PERÚ	8771
ICA|PARTIDO DEMÓCRATA UNIDO PERÚ	2774
ICA|PARTIDO DEMÓCRATA VERDE	1969
ICA|PARTIDO FRENTE DE LA ESPERANZA 2021	8893
ICA|PARTIDO MORADO	2238
ICA|PARTIDO PATRIÓTICO DEL PERÚ	4306
ICA|PARTIDO PAÍS PARA TODOS	55933
ICA|PARTIDO POLÍTICO COOPERACIÓN POPULAR	4127
ICA|PARTIDO POLÍTICO INTEGRIDAD DEMOCRÁTICA	2160
ICA|PARTIDO POLÍTICO NACIONAL PERÚ LIBRE	2632
ICA|PARTIDO POLÍTICO PERÚ ACCIÓN	1251
ICA|PARTIDO POLÍTICO PERÚ PRIMERO	3947
ICA|PARTIDO POLÍTICO PRIN	419
ICA|PARTIDO SICREO	18153
ICA|PERÚ MODERNO	257
ICA|PODEMOS PERÚ	11306
ICA|PRIMERO LA GENTE – COMUNIDAD, ECOLOGÍA, LIBERTAD Y PROGRESO	16910
ICA|PROGRESEMOS	3208
ICA|RENOVACIÓN POPULAR	45283
ICA|SALVEMOS AL PERÚ	488
ICA|UN CAMINO DIFERENTE	1403
ICA|UNIDAD NACIONAL	1769
ICA|VOTOS EN BLANCO	71503
ICA|VOTOS NULOS	29166
JUNÍN|AHORA NACIÓN - AN	69940
JUNÍN|ALIANZA ELECTORAL VENCEREMOS	4653
JUNÍN|ALIANZA PARA EL PROGRESO	5590
JUNÍN|AVANZA PAÍS - PARTIDO DE INTEGRACIÓN SOCIAL	968
JUNÍN|FE EN EL PERÚ	1125
JUNÍN|FUERZA POPULAR	108631
JUNÍN|FUERZA Y LIBERTAD	4773
JUNÍN|JUNTOS POR EL PERÚ	78227
JUNÍN|LIBERTAD POPULAR	1285
JUNÍN|PARTIDO APRISTA PERUANO	3235
JUNÍN|PARTIDO CÍVICO OBRAS	70985
JUNÍN|PARTIDO DE LOS TRABAJADORES Y EMPRENDEDORES PTE - PERÚ	758
JUNÍN|PARTIDO DEL BUEN GOBIERNO	50716
JUNÍN|PARTIDO DEMOCRATICO FEDERAL	828
JUNÍN|PARTIDO DEMOCRÁTICO SOMOS PERÚ	2900
JUNÍN|PARTIDO DEMÓCRATA UNIDO PERÚ	7665
JUNÍN|PARTIDO DEMÓCRATA VERDE	3184
JUNÍN|PARTIDO FRENTE DE LA ESPERANZA 2021	16230
JUNÍN|PARTIDO MORADO	3539
JUNÍN|PARTIDO PATRIÓTICO DEL PERÚ	8402
JUNÍN|PARTIDO PAÍS PARA TODOS	45865
JUNÍN|PARTIDO POLÍTICO COOPERACIÓN POPULAR	8264
JUNÍN|PARTIDO POLÍTICO INTEGRIDAD DEMOCRÁTICA	2312
JUNÍN|PARTIDO POLÍTICO NACIONAL PERÚ LIBRE	14005
JUNÍN|PARTIDO POLÍTICO PERÚ ACCIÓN	1677
JUNÍN|PARTIDO POLÍTICO PERÚ PRIMERO	5513
JUNÍN|PARTIDO POLÍTICO PRIN	429
JUNÍN|PARTIDO SICREO	24608
JUNÍN|PERÚ MODERNO	350
JUNÍN|PODEMOS PERÚ	16473
JUNÍN|PRIMERO LA GENTE – COMUNIDAD, ECOLOGÍA, LIBERTAD Y PROGRESO	17177
JUNÍN|PROGRESEMOS	3040
JUNÍN|RENOVACIÓN POPULAR	48223
JUNÍN|SALVEMOS AL PERÚ	1059
JUNÍN|UN CAMINO DIFERENTE	1498
JUNÍN|UNIDAD NACIONAL	1718
JUNÍN|VOTOS EN BLANCO	107546
JUNÍN|VOTOS NULOS	42219
LA LIBERTAD|AHORA NACIÓN - AN	38078
LA LIBERTAD|ALIANZA ELECTORAL VENCEREMOS	4815
LA LIBERTAD|ALIANZA PARA EL PROGRESO	32456
LA LIBERTAD|AVANZA PAÍS - PARTIDO DE INTEGRACIÓN SOCIAL	2276
LA LIBERTAD|FE EN EL PERÚ	1310
LA LIBERTAD|FUERZA POPULAR	188971
LA LIBERTAD|FUERZA Y LIBERTAD	1257
LA LIBERTAD|JUNTOS POR EL PERÚ	88250
LA LIBERTAD|LIBERTAD POPULAR	1901
LA LIBERTAD|PARTIDO APRISTA PERUANO	27650
LA LIBERTAD|PARTIDO CÍVICO OBRAS	66163
LA LIBERTAD|PARTIDO DE LOS TRABAJADORES Y EMPRENDEDORES PTE - PERÚ	522
LA LIBERTAD|PARTIDO DEL BUEN GOBIERNO	91565
LA LIBERTAD|PARTIDO DEMOCRATICO FEDERAL	1057
LA LIBERTAD|PARTIDO DEMOCRÁTICO SOMOS PERÚ	5472
LA LIBERTAD|PARTIDO DEMÓCRATA UNIDO PERÚ	4162
LA LIBERTAD|PARTIDO DEMÓCRATA VERDE	2993
LA LIBERTAD|PARTIDO FRENTE DE LA ESPERANZA 2021	14240
LA LIBERTAD|PARTIDO MORADO	3934
LA LIBERTAD|PARTIDO PATRIÓTICO DEL PERÚ	8344
LA LIBERTAD|PARTIDO PAÍS PARA TODOS	74248
LA LIBERTAD|PARTIDO POLÍTICO COOPERACIÓN POPULAR	3129
LA LIBERTAD|PARTIDO POLÍTICO INTEGRIDAD DEMOCRÁTICA	3695
LA LIBERTAD|PARTIDO POLÍTICO NACIONAL PERÚ LIBRE	4836
LA LIBERTAD|PARTIDO POLÍTICO PERÚ ACCIÓN	1791
LA LIBERTAD|PARTIDO POLÍTICO PERÚ PRIMERO	6934
LA LIBERTAD|PARTIDO POLÍTICO PRIN	991
LA LIBERTAD|PARTIDO SICREO	34875
LA LIBERTAD|PERÚ MODERNO	375
LA LIBERTAD|PODEMOS PERÚ	20993
LA LIBERTAD|PRIMERO LA GENTE – COMUNIDAD, ECOLOGÍA, LIBERTAD Y PROGRESO	29924
LA LIBERTAD|PROGRESEMOS	2544
LA LIBERTAD|RENOVACIÓN POPULAR	76519
LA LIBERTAD|SALVEMOS AL PERÚ	711
LA LIBERTAD|UN CAMINO DIFERENTE	83569
LA LIBERTAD|UNIDAD NACIONAL	2649
LA LIBERTAD|VOTOS EN BLANCO	159303
LA LIBERTAD|VOTOS NULOS	73896
LAMBAYEQUE|AHORA NACIÓN - AN	29795
LAMBAYEQUE|ALIANZA ELECTORAL VENCEREMOS	3373
LAMBAYEQUE|ALIANZA PARA EL PROGRESO	14539
LAMBAYEQUE|AVANZA PAÍS - PARTIDO DE INTEGRACIÓN SOCIAL	1649
LAMBAYEQUE|FE EN EL PERÚ	808
LAMBAYEQUE|FUERZA POPULAR	176103
LAMBAYEQUE|FUERZA Y LIBERTAD	753
LAMBAYEQUE|JUNTOS POR EL PERÚ	71644
LAMBAYEQUE|LIBERTAD POPULAR	1208
LAMBAYEQUE|PARTIDO APRISTA PERUANO	15420
LAMBAYEQUE|PARTIDO CÍVICO OBRAS	50063
LAMBAYEQUE|PARTIDO DE LOS TRABAJADORES Y EMPRENDEDORES PTE - PERÚ	398
LAMBAYEQUE|PARTIDO DEL BUEN GOBIERNO	68907
LAMBAYEQUE|PARTIDO DEMOCRATICO FEDERAL	961
LAMBAYEQUE|PARTIDO DEMOCRÁTICO SOMOS PERÚ	6768
LAMBAYEQUE|PARTIDO DEMÓCRATA UNIDO PERÚ	1962
LAMBAYEQUE|PARTIDO DEMÓCRATA VERDE	2192
LAMBAYEQUE|PARTIDO FRENTE DE LA ESPERANZA 2021	10239
LAMBAYEQUE|PARTIDO MORADO	3956
LAMBAYEQUE|PARTIDO PATRIÓTICO DEL PERÚ	6714
LAMBAYEQUE|PARTIDO PAÍS PARA TODOS	61658
LAMBAYEQUE|PARTIDO POLÍTICO COOPERACIÓN POPULAR	3880
LAMBAYEQUE|PARTIDO POLÍTICO INTEGRIDAD DEMOCRÁTICA	3082
LAMBAYEQUE|PARTIDO POLÍTICO NACIONAL PERÚ LIBRE	3124
LAMBAYEQUE|PARTIDO POLÍTICO PERÚ ACCIÓN	1118
LAMBAYEQUE|PARTIDO POLÍTICO PERÚ PRIMERO	9319
LAMBAYEQUE|PARTIDO POLÍTICO PRIN	361
LAMBAYEQUE|PARTIDO SICREO	20202
LAMBAYEQUE|PERÚ MODERNO	480
LAMBAYEQUE|PODEMOS PERÚ	9599
LAMBAYEQUE|PRIMERO LA GENTE – COMUNIDAD, ECOLOGÍA, LIBERTAD Y PROGRESO	20843
LAMBAYEQUE|PROGRESEMOS	1535
LAMBAYEQUE|RENOVACIÓN POPULAR	57305
LAMBAYEQUE|SALVEMOS AL PERÚ	641
LAMBAYEQUE|UN CAMINO DIFERENTE	3468
LAMBAYEQUE|UNIDAD NACIONAL	3146
LAMBAYEQUE|VOTOS EN BLANCO	100404
LAMBAYEQUE|VOTOS NULOS	50246
LIMA|AHORA NACIÓN - AN	413648
LIMA|ALIANZA ELECTORAL VENCEREMOS	23540
LIMA|ALIANZA PARA EL PROGRESO	31481
LIMA|AVANZA PAÍS - PARTIDO DE INTEGRACIÓN SOCIAL	11479
LIMA|FE EN EL PERÚ	6184
LIMA|FUERZA POPULAR	1087562
LIMA|FUERZA Y LIBERTAD	7455
LIMA|JUNTOS POR EL PERÚ	199017
LIMA|LIBERTAD POPULAR	14926
LIMA|PARTIDO APRISTA PERUANO	50286
LIMA|PARTIDO CÍVICO OBRAS	554574
LIMA|PARTIDO DE LOS TRABAJADORES Y EMPRENDEDORES PTE - PERÚ	3377
LIMA|PARTIDO DEL BUEN GOBIERNO	917062
LIMA|PARTIDO DEMOCRATICO FEDERAL	6398
LIMA|PARTIDO DEMOCRÁTICO SOMOS PERÚ	44177
LIMA|PARTIDO DEMÓCRATA UNIDO PERÚ	29143
LIMA|PARTIDO DEMÓCRATA VERDE	16533
LIMA|PARTIDO FRENTE DE LA ESPERANZA 2021	85666
LIMA|PARTIDO MORADO	32437
LIMA|PARTIDO PATRIÓTICO DEL PERÚ	38619
LIMA|PARTIDO PAÍS PARA TODOS	541949
LIMA|PARTIDO POLÍTICO COOPERACIÓN POPULAR	32087
LIMA|PARTIDO POLÍTICO INTEGRIDAD DEMOCRÁTICA	28150
LIMA|PARTIDO POLÍTICO NACIONAL PERÚ LIBRE	17601
LIMA|PARTIDO POLÍTICO PERÚ ACCIÓN	9028
LIMA|PARTIDO POLÍTICO PERÚ PRIMERO	29943
LIMA|PARTIDO POLÍTICO PRIN	4237
LIMA|PARTIDO SICREO	238548
LIMA|PERÚ MODERNO	3165
LIMA|PODEMOS PERÚ	58937
LIMA|PRIMERO LA GENTE – COMUNIDAD, ECOLOGÍA, LIBERTAD Y PROGRESO	258022
LIMA|PROGRESEMOS	21422
LIMA|RENOVACIÓN POPULAR	1209096
LIMA|SALVEMOS AL PERÚ	3196
LIMA|UN CAMINO DIFERENTE	11367
LIMA|UNIDAD NACIONAL	33815
LIMA|VOTOS EN BLANCO	554393
LIMA|VOTOS NULOS	264608
LORETO|AHORA NACIÓN - AN	14691
LORETO|ALIANZA ELECTORAL VENCEREMOS	2102
LORETO|ALIANZA PARA EL PROGRESO	23899
LORETO|AVANZA PAÍS - PARTIDO DE INTEGRACIÓN SOCIAL	602
LORETO|FE EN EL PERÚ	707
LORETO|FUERZA POPULAR	96815
LORETO|FUERZA Y LIBERTAD	936
LORETO|JUNTOS POR EL PERÚ	33655
LORETO|LIBERTAD POPULAR	973
LORETO|PARTIDO APRISTA PERUANO	2702
LORETO|PARTIDO CÍVICO OBRAS	14264
LORETO|PARTIDO DE LOS TRABAJADORES Y EMPRENDEDORES PTE - PERÚ	313
LORETO|PARTIDO DEL BUEN GOBIERNO	12233
LORETO|PARTIDO DEMOCRATICO FEDERAL	403
LORETO|PARTIDO DEMOCRÁTICO SOMOS PERÚ	23675
LORETO|PARTIDO DEMÓCRATA UNIDO PERÚ	1291
LORETO|PARTIDO DEMÓCRATA VERDE	2017
LORETO|PARTIDO FRENTE DE LA ESPERANZA 2021	2917
LORETO|PARTIDO MORADO	1490
LORETO|PARTIDO PATRIÓTICO DEL PERÚ	2047
LORETO|PARTIDO PAÍS PARA TODOS	40444
LORETO|PARTIDO POLÍTICO COOPERACIÓN POPULAR	2368
LORETO|PARTIDO POLÍTICO INTEGRIDAD DEMOCRÁTICA	802
LORETO|PARTIDO POLÍTICO NACIONAL PERÚ LIBRE	2777
LORETO|PARTIDO POLÍTICO PERÚ ACCIÓN	640
LORETO|PARTIDO POLÍTICO PERÚ PRIMERO	8871
LORETO|PARTIDO POLÍTICO PRIN	232
LORETO|PARTIDO SICREO	5463
LORETO|PERÚ MODERNO	817
LORETO|PODEMOS PERÚ	8794
LORETO|PRIMERO LA GENTE – COMUNIDAD, ECOLOGÍA, LIBERTAD Y PROGRESO	6154
LORETO|PROGRESEMOS	1310
LORETO|RENOVACIÓN POPULAR	22835
LORETO|SALVEMOS AL PERÚ	782
LORETO|UN CAMINO DIFERENTE	506
LORETO|UNIDAD NACIONAL	1112
LORETO|VOTOS EN BLANCO	85358
LORETO|VOTOS NULOS	27081
MADRE DE DIOS|AHORA NACIÓN - AN	6374
MADRE DE DIOS|ALIANZA ELECTORAL VENCEREMOS	773
MADRE DE DIOS|ALIANZA PARA EL PROGRESO	1129
MADRE DE DIOS|AVANZA PAÍS - PARTIDO DE INTEGRACIÓN SOCIAL	328
MADRE DE DIOS|FE EN EL PERÚ	94
MADRE DE DIOS|FUERZA POPULAR	10649
MADRE DE DIOS|FUERZA Y LIBERTAD	134
MADRE DE DIOS|JUNTOS POR EL PERÚ	18404
MADRE DE DIOS|LIBERTAD POPULAR	129
MADRE DE DIOS|PARTIDO APRISTA PERUANO	534
MADRE DE DIOS|PARTIDO CÍVICO OBRAS	11500
MADRE DE DIOS|PARTIDO DE LOS TRABAJADORES Y EMPRENDEDORES PTE - PERÚ	55
MADRE DE DIOS|PARTIDO DEL BUEN GOBIERNO	4093
MADRE DE DIOS|PARTIDO DEMOCRATICO FEDERAL	127
MADRE DE DIOS|PARTIDO DEMOCRÁTICO SOMOS PERÚ	726
MADRE DE DIOS|PARTIDO DEMÓCRATA UNIDO PERÚ	921
MADRE DE DIOS|PARTIDO DEMÓCRATA VERDE	391
MADRE DE DIOS|PARTIDO FRENTE DE LA ESPERANZA 2021	2562
MADRE DE DIOS|PARTIDO MORADO	217
MADRE DE DIOS|PARTIDO PATRIÓTICO DEL PERÚ	1067
MADRE DE DIOS|PARTIDO PAÍS PARA TODOS	4978
MADRE DE DIOS|PARTIDO POLÍTICO COOPERACIÓN POPULAR	1727
MADRE DE DIOS|PARTIDO POLÍTICO INTEGRIDAD DEMOCRÁTICA	179
MADRE DE DIOS|PARTIDO POLÍTICO NACIONAL PERÚ LIBRE	970
MADRE DE DIOS|PARTIDO POLÍTICO PERÚ ACCIÓN	185
MADRE DE DIOS|PARTIDO POLÍTICO PERÚ PRIMERO	760
MADRE DE DIOS|PARTIDO POLÍTICO PRIN	40
MADRE DE DIOS|PARTIDO SICREO	2524
MADRE DE DIOS|PERÚ MODERNO	86
MADRE DE DIOS|PODEMOS PERÚ	1368
MADRE DE DIOS|PRIMERO LA GENTE – COMUNIDAD, ECOLOGÍA, LIBERTAD Y PROGRESO	1769
MADRE DE DIOS|PROGRESEMOS	737
MADRE DE DIOS|RENOVACIÓN POPULAR	2671
MADRE DE DIOS|SALVEMOS AL PERÚ	104
MADRE DE DIOS|UN CAMINO DIFERENTE	171
MADRE DE DIOS|UNIDAD NACIONAL	309
MADRE DE DIOS|VOTOS EN BLANCO	17892
MADRE DE DIOS|VOTOS NULOS	5021
MOQUEGUA|AHORA NACIÓN - AN	11970
MOQUEGUA|ALIANZA ELECTORAL VENCEREMOS	1589
MOQUEGUA|ALIANZA PARA EL PROGRESO	609
MOQUEGUA|AVANZA PAÍS - PARTIDO DE INTEGRACIÓN SOCIAL	127
MOQUEGUA|FE EN EL PERÚ	107
MOQUEGUA|FUERZA POPULAR	7557
MOQUEGUA|FUERZA Y LIBERTAD	167
MOQUEGUA|JUNTOS POR EL PERÚ	14655
MOQUEGUA|LIBERTAD POPULAR	179
MOQUEGUA|PARTIDO APRISTA PERUANO	585
MOQUEGUA|PARTIDO CÍVICO OBRAS	13882
MOQUEGUA|PARTIDO DE LOS TRABAJADORES Y EMPRENDEDORES PTE - PERÚ	100
MOQUEGUA|PARTIDO DEL BUEN GOBIERNO	11888
MOQUEGUA|PARTIDO DEMOCRATICO FEDERAL	205
MOQUEGUA|PARTIDO DEMOCRÁTICO SOMOS PERÚ	725
MOQUEGUA|PARTIDO DEMÓCRATA UNIDO PERÚ	1330
MOQUEGUA|PARTIDO DEMÓCRATA VERDE	414
MOQUEGUA|PARTIDO FRENTE DE LA ESPERANZA 2021	4881
MOQUEGUA|PARTIDO MORADO	598
MOQUEGUA|PARTIDO PATRIÓTICO DEL PERÚ	1091
MOQUEGUA|PARTIDO PAÍS PARA TODOS	6144
MOQUEGUA|PARTIDO POLÍTICO COOPERACIÓN POPULAR	5266
MOQUEGUA|PARTIDO POLÍTICO INTEGRIDAD DEMOCRÁTICA	313
MOQUEGUA|PARTIDO POLÍTICO NACIONAL PERÚ LIBRE	973
MOQUEGUA|PARTIDO POLÍTICO PERÚ ACCIÓN	219
MOQUEGUA|PARTIDO POLÍTICO PERÚ PRIMERO	7081
MOQUEGUA|PARTIDO POLÍTICO PRIN	140
MOQUEGUA|PARTIDO SICREO	4854
MOQUEGUA|PERÚ MODERNO	118
MOQUEGUA|PODEMOS PERÚ	1855
MOQUEGUA|PRIMERO LA GENTE – COMUNIDAD, ECOLOGÍA, LIBERTAD Y PROGRESO	5797
MOQUEGUA|PROGRESEMOS	1006
MOQUEGUA|RENOVACIÓN POPULAR	6597
MOQUEGUA|SALVEMOS AL PERÚ	118
MOQUEGUA|UN CAMINO DIFERENTE	337
MOQUEGUA|UNIDAD NACIONAL	391
MOQUEGUA|VOTOS EN BLANCO	11968
MOQUEGUA|VOTOS NULOS	5263
OCEANÍA|AHORA NACIÓN - AN	231
OCEANÍA|ALIANZA ELECTORAL VENCEREMOS	9
OCEANÍA|ALIANZA PARA EL PROGRESO	1
OCEANÍA|AVANZA PAÍS - PARTIDO DE INTEGRACIÓN SOCIAL	3
OCEANÍA|FE EN EL PERÚ	2
OCEANÍA|FUERZA POPULAR	163
OCEANÍA|FUERZA Y LIBERTAD	1
OCEANÍA|JUNTOS POR EL PERÚ	23
OCEANÍA|LIBERTAD POPULAR	11
OCEANÍA|PARTIDO APRISTA PERUANO	14
OCEANÍA|PARTIDO CÍVICO OBRAS	120
OCEANÍA|PARTIDO DE LOS TRABAJADORES Y EMPRENDEDORES PTE - PERÚ	0
OCEANÍA|PARTIDO DEL BUEN GOBIERNO	369
OCEANÍA|PARTIDO DEMOCRATICO FEDERAL	2
OCEANÍA|PARTIDO DEMOCRÁTICO SOMOS PERÚ	13
OCEANÍA|PARTIDO DEMÓCRATA UNIDO PERÚ	8
OCEANÍA|PARTIDO DEMÓCRATA VERDE	1
OCEANÍA|PARTIDO FRENTE DE LA ESPERANZA 2021	14
OCEANÍA|PARTIDO MORADO	13
OCEANÍA|PARTIDO PATRIÓTICO DEL PERÚ	4
OCEANÍA|PARTIDO PAÍS PARA TODOS	146
OCEANÍA|PARTIDO POLÍTICO COOPERACIÓN POPULAR	9
OCEANÍA|PARTIDO POLÍTICO INTEGRIDAD DEMOCRÁTICA	3
OCEANÍA|PARTIDO POLÍTICO NACIONAL PERÚ LIBRE	5
OCEANÍA|PARTIDO POLÍTICO PERÚ ACCIÓN	4
OCEANÍA|PARTIDO POLÍTICO PERÚ PRIMERO	3
OCEANÍA|PARTIDO POLÍTICO PRIN	1
OCEANÍA|PARTIDO SICREO	24
OCEANÍA|PERÚ MODERNO	2
OCEANÍA|PODEMOS PERÚ	1
OCEANÍA|PRIMERO LA GENTE – COMUNIDAD, ECOLOGÍA, LIBERTAD Y PROGRESO	158
OCEANÍA|PROGRESEMOS	3
OCEANÍA|RENOVACIÓN POPULAR	983
OCEANÍA|SALVEMOS AL PERÚ	2
OCEANÍA|UN CAMINO DIFERENTE	5
OCEANÍA|UNIDAD NACIONAL	19
OCEANÍA|VOTOS EN BLANCO	208
OCEANÍA|VOTOS NULOS	54
PASCO|AHORA NACIÓN - AN	10281
PASCO|ALIANZA ELECTORAL VENCEREMOS	665
PASCO|ALIANZA PARA EL PROGRESO	1650
PASCO|AVANZA PAÍS - PARTIDO DE INTEGRACIÓN SOCIAL	120
PASCO|FE EN EL PERÚ	190
PASCO|FUERZA POPULAR	21842
PASCO|FUERZA Y LIBERTAD	202
PASCO|JUNTOS POR EL PERÚ	21606
PASCO|LIBERTAD POPULAR	223
PASCO|PARTIDO APRISTA PERUANO	481
PASCO|PARTIDO CÍVICO OBRAS	13855
PASCO|PARTIDO DE LOS TRABAJADORES Y EMPRENDEDORES PTE - PERÚ	103
PASCO|PARTIDO DEL BUEN GOBIERNO	5183
PASCO|PARTIDO DEMOCRATICO FEDERAL	183
PASCO|PARTIDO DEMOCRÁTICO SOMOS PERÚ	1841
PASCO|PARTIDO DEMÓCRATA UNIDO PERÚ	943
PASCO|PARTIDO DEMÓCRATA VERDE	599
PASCO|PARTIDO FRENTE DE LA ESPERANZA 2021	4966
PASCO|PARTIDO MORADO	501
PASCO|PARTIDO PATRIÓTICO DEL PERÚ	1411
PASCO|PARTIDO PAÍS PARA TODOS	4738
PASCO|PARTIDO POLÍTICO COOPERACIÓN POPULAR	2311
PASCO|PARTIDO POLÍTICO INTEGRIDAD DEMOCRÁTICA	360
PASCO|PARTIDO POLÍTICO NACIONAL PERÚ LIBRE	998
PASCO|PARTIDO POLÍTICO PERÚ ACCIÓN	281
PASCO|PARTIDO POLÍTICO PERÚ PRIMERO	1107
PASCO|PARTIDO POLÍTICO PRIN	94
PASCO|PARTIDO SICREO	3216
PASCO|PERÚ MODERNO	38
PASCO|PODEMOS PERÚ	5294
PASCO|PRIMERO LA GENTE – COMUNIDAD, ECOLOGÍA, LIBERTAD Y PROGRESO	2093
PASCO|PROGRESEMOS	310
PASCO|RENOVACIÓN POPULAR	7650
PASCO|SALVEMOS AL PERÚ	114
PASCO|UN CAMINO DIFERENTE	221
PASCO|UNIDAD NACIONAL	185
PASCO|VOTOS EN BLANCO	22142
PASCO|VOTOS NULOS	8047
PIURA|AHORA NACIÓN - AN	40391
PIURA|ALIANZA ELECTORAL VENCEREMOS	7375
PIURA|ALIANZA PARA EL PROGRESO	15291
PIURA|AVANZA PAÍS - PARTIDO DE INTEGRACIÓN SOCIAL	1263
PIURA|FE EN EL PERÚ	1084
PIURA|FUERZA POPULAR	242804
PIURA|FUERZA Y LIBERTAD	1380
PIURA|JUNTOS POR EL PERÚ	98330
PIURA|LIBERTAD POPULAR	1815
PIURA|PARTIDO APRISTA PERUANO	11034
PIURA|PARTIDO CÍVICO OBRAS	64322
PIURA|PARTIDO DE LOS TRABAJADORES Y EMPRENDEDORES PTE - PERÚ	549
PIURA|PARTIDO DEL BUEN GOBIERNO	76139
PIURA|PARTIDO DEMOCRATICO FEDERAL	1298
PIURA|PARTIDO DEMOCRÁTICO SOMOS PERÚ	6553
PIURA|PARTIDO DEMÓCRATA UNIDO PERÚ	4240
PIURA|PARTIDO DEMÓCRATA VERDE	3248
PIURA|PARTIDO FRENTE DE LA ESPERANZA 2021	10943
PIURA|PARTIDO MORADO	2652
PIURA|PARTIDO PATRIÓTICO DEL PERÚ	9613
PIURA|PARTIDO PAÍS PARA TODOS	92414
PIURA|PARTIDO POLÍTICO COOPERACIÓN POPULAR	4651
PIURA|PARTIDO POLÍTICO INTEGRIDAD DEMOCRÁTICA	3731
PIURA|PARTIDO POLÍTICO NACIONAL PERÚ LIBRE	4107
PIURA|PARTIDO POLÍTICO PERÚ ACCIÓN	1870
PIURA|PARTIDO POLÍTICO PERÚ PRIMERO	16353
PIURA|PARTIDO POLÍTICO PRIN	907
PIURA|PARTIDO SICREO	23698
PIURA|PERÚ MODERNO	368
PIURA|PODEMOS PERÚ	19662
PIURA|PRIMERO LA GENTE – COMUNIDAD, ECOLOGÍA, LIBERTAD Y PROGRESO	28839
PIURA|PROGRESEMOS	3312
PIURA|RENOVACIÓN POPULAR	58181
PIURA|SALVEMOS AL PERÚ	1285
PIURA|UN CAMINO DIFERENTE	4464
PIURA|UNIDAD NACIONAL	2633
PIURA|VOTOS EN BLANCO	179986
PIURA|VOTOS NULOS	82260
PUNO|AHORA NACIÓN - AN	73801
PUNO|ALIANZA ELECTORAL VENCEREMOS	34138
PUNO|ALIANZA PARA EL PROGRESO	3650
PUNO|AVANZA PAÍS - PARTIDO DE INTEGRACIÓN SOCIAL	546
PUNO|FE EN EL PERÚ	1021
PUNO|FUERZA POPULAR	25389
PUNO|FUERZA Y LIBERTAD	761
PUNO|JUNTOS POR EL PERÚ	162460
PUNO|LIBERTAD POPULAR	814
PUNO|PARTIDO APRISTA PERUANO	1283
PUNO|PARTIDO CÍVICO OBRAS	115259
PUNO|PARTIDO DE LOS TRABAJADORES Y EMPRENDEDORES PTE - PERÚ	510
PUNO|PARTIDO DEL BUEN GOBIERNO	26989
PUNO|PARTIDO DEMOCRATICO FEDERAL	1008
PUNO|PARTIDO DEMOCRÁTICO SOMOS PERÚ	2281
PUNO|PARTIDO DEMÓCRATA UNIDO PERÚ	10868
PUNO|PARTIDO DEMÓCRATA VERDE	3470
PUNO|PARTIDO FRENTE DE LA ESPERANZA 2021	29452
PUNO|PARTIDO MORADO	2056
PUNO|PARTIDO PATRIÓTICO DEL PERÚ	5872
PUNO|PARTIDO PAÍS PARA TODOS	10602
PUNO|PARTIDO POLÍTICO COOPERACIÓN POPULAR	72074
PUNO|PARTIDO POLÍTICO INTEGRIDAD DEMOCRÁTICA	728
PUNO|PARTIDO POLÍTICO NACIONAL PERÚ LIBRE	5366
PUNO|PARTIDO POLÍTICO PERÚ ACCIÓN	1194
PUNO|PARTIDO POLÍTICO PERÚ PRIMERO	4229
PUNO|PARTIDO POLÍTICO PRIN	676
PUNO|PARTIDO SICREO	20239
PUNO|PERÚ MODERNO	268
PUNO|PODEMOS PERÚ	6138
PUNO|PRIMERO LA GENTE – COMUNIDAD, ECOLOGÍA, LIBERTAD Y PROGRESO	9849
PUNO|PROGRESEMOS	3031
PUNO|RENOVACIÓN POPULAR	12442
PUNO|SALVEMOS AL PERÚ	753
PUNO|UN CAMINO DIFERENTE	808
PUNO|UNIDAD NACIONAL	893
PUNO|VOTOS EN BLANCO	77890
PUNO|VOTOS NULOS	40798
SAN MARTÍN|AHORA NACIÓN - AN	16930
SAN MARTÍN|ALIANZA ELECTORAL VENCEREMOS	3354
SAN MARTÍN|ALIANZA PARA EL PROGRESO	8349
SAN MARTÍN|AVANZA PAÍS - PARTIDO DE INTEGRACIÓN SOCIAL	4145
SAN MARTÍN|FE EN EL PERÚ	741
SAN MARTÍN|FUERZA POPULAR	89354
SAN MARTÍN|FUERZA Y LIBERTAD	611
SAN MARTÍN|JUNTOS POR EL PERÚ	91314
SAN MARTÍN|LIBERTAD POPULAR	662
SAN MARTÍN|PARTIDO APRISTA PERUANO	4127
SAN MARTÍN|PARTIDO CÍVICO OBRAS	43709
SAN MARTÍN|PARTIDO DE LOS TRABAJADORES Y EMPRENDEDORES PTE - PERÚ	313
SAN MARTÍN|PARTIDO DEL BUEN GOBIERNO	17221
SAN MARTÍN|PARTIDO DEMOCRATICO FEDERAL	665
SAN MARTÍN|PARTIDO DEMOCRÁTICO SOMOS PERÚ	4308
SAN MARTÍN|PARTIDO DEMÓCRATA UNIDO PERÚ	3523
SAN MARTÍN|PARTIDO DEMÓCRATA VERDE	2081
SAN MARTÍN|PARTIDO FRENTE DE LA ESPERANZA 2021	3803
SAN MARTÍN|PARTIDO MORADO	1878
SAN MARTÍN|PARTIDO PATRIÓTICO DEL PERÚ	4423
SAN MARTÍN|PARTIDO PAÍS PARA TODOS	19599
SAN MARTÍN|PARTIDO POLÍTICO COOPERACIÓN POPULAR	2495
SAN MARTÍN|PARTIDO POLÍTICO INTEGRIDAD DEMOCRÁTICA	1233
SAN MARTÍN|PARTIDO POLÍTICO NACIONAL PERÚ LIBRE	3062
SAN MARTÍN|PARTIDO POLÍTICO PERÚ ACCIÓN	1023
SAN MARTÍN|PARTIDO POLÍTICO PERÚ PRIMERO	4154
SAN MARTÍN|PARTIDO POLÍTICO PRIN	895
SAN MARTÍN|PARTIDO SICREO	7755
SAN MARTÍN|PERÚ MODERNO	185
SAN MARTÍN|PODEMOS PERÚ	8194
SAN MARTÍN|PRIMERO LA GENTE – COMUNIDAD, ECOLOGÍA, LIBERTAD Y PROGRESO	6405
SAN MARTÍN|PROGRESEMOS	1048
SAN MARTÍN|RENOVACIÓN POPULAR	22608
SAN MARTÍN|SALVEMOS AL PERÚ	596
SAN MARTÍN|UN CAMINO DIFERENTE	1406
SAN MARTÍN|UNIDAD NACIONAL	2051
SAN MARTÍN|VOTOS EN BLANCO	103030
SAN MARTÍN|VOTOS NULOS	38095
TACNA|AHORA NACIÓN - AN	21930
TACNA|ALIANZA ELECTORAL VENCEREMOS	1353
TACNA|ALIANZA PARA EL PROGRESO	1326
TACNA|AVANZA PAÍS - PARTIDO DE INTEGRACIÓN SOCIAL	550
TACNA|FE EN EL PERÚ	194
TACNA|FUERZA POPULAR	15122
TACNA|FUERZA Y LIBERTAD	314
TACNA|JUNTOS POR EL PERÚ	26212
TACNA|LIBERTAD POPULAR	340
TACNA|PARTIDO APRISTA PERUANO	1013
TACNA|PARTIDO CÍVICO OBRAS	32292
TACNA|PARTIDO DE LOS TRABAJADORES Y EMPRENDEDORES PTE - PERÚ	126
TACNA|PARTIDO DEL BUEN GOBIERNO	25259
TACNA|PARTIDO DEMOCRATICO FEDERAL	277
TACNA|PARTIDO DEMOCRÁTICO SOMOS PERÚ	882
TACNA|PARTIDO DEMÓCRATA UNIDO PERÚ	2327
TACNA|PARTIDO DEMÓCRATA VERDE	806
TACNA|PARTIDO FRENTE DE LA ESPERANZA 2021	11405
TACNA|PARTIDO MORADO	1260
TACNA|PARTIDO PATRIÓTICO DEL PERÚ	1805
TACNA|PARTIDO PAÍS PARA TODOS	16161
TACNA|PARTIDO POLÍTICO COOPERACIÓN POPULAR	9686
TACNA|PARTIDO POLÍTICO INTEGRIDAD DEMOCRÁTICA	727
TACNA|PARTIDO POLÍTICO NACIONAL PERÚ LIBRE	1702
TACNA|PARTIDO POLÍTICO PERÚ ACCIÓN	503
TACNA|PARTIDO POLÍTICO PERÚ PRIMERO	2661
TACNA|PARTIDO POLÍTICO PRIN	93
TACNA|PARTIDO SICREO	10699
TACNA|PERÚ MODERNO	92
TACNA|PODEMOS PERÚ	2738
TACNA|PRIMERO LA GENTE – COMUNIDAD, ECOLOGÍA, LIBERTAD Y PROGRESO	14635
TACNA|PROGRESEMOS	1091
TACNA|RENOVACIÓN POPULAR	13696
TACNA|SALVEMOS AL PERÚ	148
TACNA|UN CAMINO DIFERENTE	505
TACNA|UNIDAD NACIONAL	758
TACNA|VOTOS EN BLANCO	18861
TACNA|VOTOS NULOS	9209
TUMBES|AHORA NACIÓN - AN	5440
TUMBES|ALIANZA ELECTORAL VENCEREMOS	804
TUMBES|ALIANZA PARA EL PROGRESO	2312
TUMBES|AVANZA PAÍS - PARTIDO DE INTEGRACIÓN SOCIAL	105
TUMBES|FE EN EL PERÚ	895
TUMBES|FUERZA POPULAR	37850
TUMBES|FUERZA Y LIBERTAD	176
TUMBES|JUNTOS POR EL PERÚ	7748
TUMBES|LIBERTAD POPULAR	386
TUMBES|PARTIDO APRISTA PERUANO	1077
TUMBES|PARTIDO CÍVICO OBRAS	5455
TUMBES|PARTIDO DE LOS TRABAJADORES Y EMPRENDEDORES PTE - PERÚ	89
TUMBES|PARTIDO DEL BUEN GOBIERNO	6072
TUMBES|PARTIDO DEMOCRATICO FEDERAL	93
TUMBES|PARTIDO DEMOCRÁTICO SOMOS PERÚ	1774
TUMBES|PARTIDO DEMÓCRATA UNIDO PERÚ	226
TUMBES|PARTIDO DEMÓCRATA VERDE	402
TUMBES|PARTIDO FRENTE DE LA ESPERANZA 2021	1146
TUMBES|PARTIDO MORADO	392
TUMBES|PARTIDO PATRIÓTICO DEL PERÚ	934
TUMBES|PARTIDO PAÍS PARA TODOS	16426
TUMBES|PARTIDO POLÍTICO COOPERACIÓN POPULAR	642
TUMBES|PARTIDO POLÍTICO INTEGRIDAD DEMOCRÁTICA	701
TUMBES|PARTIDO POLÍTICO NACIONAL PERÚ LIBRE	683
TUMBES|PARTIDO POLÍTICO PERÚ ACCIÓN	193
TUMBES|PARTIDO POLÍTICO PERÚ PRIMERO	987
TUMBES|PARTIDO POLÍTICO PRIN	60
TUMBES|PARTIDO SICREO	2348
TUMBES|PERÚ MODERNO	48
TUMBES|PODEMOS PERÚ	4676
TUMBES|PRIMERO LA GENTE – COMUNIDAD, ECOLOGÍA, LIBERTAD Y PROGRESO	3059
TUMBES|PROGRESEMOS	167
TUMBES|RENOVACIÓN POPULAR	6556
TUMBES|SALVEMOS AL PERÚ	109
TUMBES|UN CAMINO DIFERENTE	391
TUMBES|UNIDAD NACIONAL	459
TUMBES|VOTOS EN BLANCO	21599
TUMBES|VOTOS NULOS	9274
UCAYALI|AHORA NACIÓN - AN	8913
UCAYALI|ALIANZA ELECTORAL VENCEREMOS	1674
UCAYALI|ALIANZA PARA EL PROGRESO	2418
UCAYALI|AVANZA PAÍS - PARTIDO DE INTEGRACIÓN SOCIAL	504
UCAYALI|FE EN EL PERÚ	476
UCAYALI|FUERZA POPULAR	66009
UCAYALI|FUERZA Y LIBERTAD	491
UCAYALI|JUNTOS POR EL PERÚ	28679
UCAYALI|LIBERTAD POPULAR	450
UCAYALI|PARTIDO APRISTA PERUANO	1527
UCAYALI|PARTIDO CÍVICO OBRAS	18930
UCAYALI|PARTIDO DE LOS TRABAJADORES Y EMPRENDEDORES PTE - PERÚ	191
UCAYALI|PARTIDO DEL BUEN GOBIERNO	9887
UCAYALI|PARTIDO DEMOCRATICO FEDERAL	265
UCAYALI|PARTIDO DEMOCRÁTICO SOMOS PERÚ	4461
UCAYALI|PARTIDO DEMÓCRATA UNIDO PERÚ	2565
UCAYALI|PARTIDO DEMÓCRATA VERDE	1110
UCAYALI|PARTIDO FRENTE DE LA ESPERANZA 2021	3302
UCAYALI|PARTIDO MORADO	886
UCAYALI|PARTIDO PATRIÓTICO DEL PERÚ	3062
UCAYALI|PARTIDO PAÍS PARA TODOS	23321
UCAYALI|PARTIDO POLÍTICO COOPERACIÓN POPULAR	1838
UCAYALI|PARTIDO POLÍTICO INTEGRIDAD DEMOCRÁTICA	944
UCAYALI|PARTIDO POLÍTICO NACIONAL PERÚ LIBRE	1976
UCAYALI|PARTIDO POLÍTICO PERÚ ACCIÓN	714
UCAYALI|PARTIDO POLÍTICO PERÚ PRIMERO	3980
UCAYALI|PARTIDO POLÍTICO PRIN	237
UCAYALI|PARTIDO SICREO	5276
UCAYALI|PERÚ MODERNO	174
UCAYALI|PODEMOS PERÚ	7725
UCAYALI|PRIMERO LA GENTE – COMUNIDAD, ECOLOGÍA, LIBERTAD Y PROGRESO	5109
UCAYALI|PROGRESEMOS	1851
UCAYALI|RENOVACIÓN POPULAR	12792
UCAYALI|SALVEMOS AL PERÚ	335
UCAYALI|UN CAMINO DIFERENTE	530
UCAYALI|UNIDAD NACIONAL	587
UCAYALI|VOTOS EN BLANCO	57449
UCAYALI|VOTOS NULOS	17063
ÁFRICA|AHORA NACIÓN - AN	2
ÁFRICA|ALIANZA ELECTORAL VENCEREMOS	0
ÁFRICA|ALIANZA PARA EL PROGRESO	0
ÁFRICA|AVANZA PAÍS - PARTIDO DE INTEGRACIÓN SOCIAL	0
ÁFRICA|FE EN EL PERÚ	0
ÁFRICA|FUERZA POPULAR	3
ÁFRICA|FUERZA Y LIBERTAD	1
ÁFRICA|JUNTOS POR EL PERÚ	0
ÁFRICA|LIBERTAD POPULAR	0
ÁFRICA|PARTIDO APRISTA PERUANO	0
ÁFRICA|PARTIDO CÍVICO OBRAS	6
ÁFRICA|PARTIDO DE LOS TRABAJADORES Y EMPRENDEDORES PTE - PERÚ	0
ÁFRICA|PARTIDO DEL BUEN GOBIERNO	9
ÁFRICA|PARTIDO DEMOCRATICO FEDERAL	0
ÁFRICA|PARTIDO DEMOCRÁTICO SOMOS PERÚ	0
ÁFRICA|PARTIDO DEMÓCRATA UNIDO PERÚ	0
ÁFRICA|PARTIDO DEMÓCRATA VERDE	0
ÁFRICA|PARTIDO FRENTE DE LA ESPERANZA 2021	1
ÁFRICA|PARTIDO MORADO	1
ÁFRICA|PARTIDO PATRIÓTICO DEL PERÚ	0
ÁFRICA|PARTIDO PAÍS PARA TODOS	7
ÁFRICA|PARTIDO POLÍTICO COOPERACIÓN POPULAR	0
ÁFRICA|PARTIDO POLÍTICO INTEGRIDAD DEMOCRÁTICA	0
ÁFRICA|PARTIDO POLÍTICO NACIONAL PERÚ LIBRE	1
ÁFRICA|PARTIDO POLÍTICO PERÚ ACCIÓN	0
ÁFRICA|PARTIDO POLÍTICO PERÚ PRIMERO	4
ÁFRICA|PARTIDO POLÍTICO PRIN	0
ÁFRICA|PARTIDO SICREO	0
ÁFRICA|PERÚ MODERNO	0
ÁFRICA|PODEMOS PERÚ	0
ÁFRICA|PRIMERO LA GENTE – COMUNIDAD, ECOLOGÍA, LIBERTAD Y PROGRESO	1
ÁFRICA|PROGRESEMOS	0
ÁFRICA|RENOVACIÓN POPULAR	26
ÁFRICA|SALVEMOS AL PERÚ	0
ÁFRICA|UN CAMINO DIFERENTE	0
ÁFRICA|UNIDAD NACIONAL	1
ÁFRICA|VOTOS EN BLANCO	7
ÁFRICA|VOTOS NULOS	1
ÁNCASH|AHORA NACIÓN - AN	47949
ÁNCASH|ALIANZA ELECTORAL VENCEREMOS	4307
ÁNCASH|ALIANZA PARA EL PROGRESO	9562
ÁNCASH|AVANZA PAÍS - PARTIDO DE INTEGRACIÓN SOCIAL	571
ÁNCASH|FE EN EL PERÚ	1163
ÁNCASH|FUERZA POPULAR	97702
ÁNCASH|FUERZA Y LIBERTAD	827
ÁNCASH|JUNTOS POR EL PERÚ	81296
ÁNCASH|LIBERTAD POPULAR	1671
ÁNCASH|PARTIDO APRISTA PERUANO	6305
ÁNCASH|PARTIDO CÍVICO OBRAS	54539
ÁNCASH|PARTIDO DE LOS TRABAJADORES Y EMPRENDEDORES PTE - PERÚ	392
ÁNCASH|PARTIDO DEL BUEN GOBIERNO	40158
ÁNCASH|PARTIDO DEMOCRATICO FEDERAL	900
ÁNCASH|PARTIDO DEMOCRÁTICO SOMOS PERÚ	7537
ÁNCASH|PARTIDO DEMÓCRATA UNIDO PERÚ	3506
ÁNCASH|PARTIDO DEMÓCRATA VERDE	4726
ÁNCASH|PARTIDO FRENTE DE LA ESPERANZA 2021	10641
ÁNCASH|PARTIDO MORADO	2482
ÁNCASH|PARTIDO PATRIÓTICO DEL PERÚ	5456
ÁNCASH|PARTIDO PAÍS PARA TODOS	53933
ÁNCASH|PARTIDO POLÍTICO COOPERACIÓN POPULAR	3879
ÁNCASH|PARTIDO POLÍTICO INTEGRIDAD DEMOCRÁTICA	1758
ÁNCASH|PARTIDO POLÍTICO NACIONAL PERÚ LIBRE	3188
ÁNCASH|PARTIDO POLÍTICO PERÚ ACCIÓN	1215
ÁNCASH|PARTIDO POLÍTICO PERÚ PRIMERO	5704
ÁNCASH|PARTIDO POLÍTICO PRIN	452
ÁNCASH|PARTIDO SICREO	15678
ÁNCASH|PERÚ MODERNO	338
ÁNCASH|PODEMOS PERÚ	17626
ÁNCASH|PRIMERO LA GENTE – COMUNIDAD, ECOLOGÍA, LIBERTAD Y PROGRESO	15573
ÁNCASH|PROGRESEMOS	2711
ÁNCASH|RENOVACIÓN POPULAR	32800
ÁNCASH|SALVEMOS AL PERÚ	833
ÁNCASH|UN CAMINO DIFERENTE	4071
ÁNCASH|UNIDAD NACIONAL	1359
ÁNCASH|VOTOS EN BLANCO	104276
ÁNCASH|VOTOS NULOS	49719
